{"cameraMode":{"drawMode":0,"name":"Shaded","section":"Shading Mode"},"sceneLighting":false,"audioPlay":false,"sceneViewState":{"showFog":true,"showMaterialUpdate":false,"showSkybox":false,"showFlares":true,"showImageEffects":true,"showParticleSystems":true,"showVisualEffectGraphs":true,"m_FxEnabled":true},"in2DMode":false,"pivot":{"x":-24.74970245361328,"y":34.10000228881836,"z":0.0000019073486328125},"rotation":{"x":-0.006701438222080469,"y":-0.9066299796104431,"z":0.42163965106010439,"w":-0.01441117562353611},"size":49.755409240722659,"orthographic":false}