{"cameraMode":{"drawMode":0,"name":"Shaded","section":"Shading Mode"},"sceneLighting":true,"audioPlay":false,"sceneViewState":{"showFog":true,"showMaterialUpdate":false,"showSkybox":true,"showFlares":true,"showImageEffects":true,"showParticleSystems":true,"showVisualEffectGraphs":true,"m_FxEnabled":true},"in2DMode":false,"pivot":{"x":628.8848876953125,"y":193.07577514648438,"z":-116.88603973388672},"rotation":{"x":0.16326849162578584,"y":-0.10779735445976258,"z":0.017949743196368219,"w":0.9805106520652771},"size":1020.0006103515625,"orthographic":false}