{"cameraMode":{"drawMode":0,"name":"Shaded","section":"Shading Mode"},"sceneLighting":true,"audioPlay":false,"sceneViewState":{"showFog":true,"showMaterialUpdate":false,"showSkybox":true,"showFlares":true,"showImageEffects":true,"showParticleSystems":true,"showVisualEffectGraphs":true,"m_FxEnabled":true},"in2DMode":false,"pivot":{"x":374.7788391113281,"y":346.0108642578125,"z":18.628135681152345},"rotation":{"x":-0.538650631904602,"y":0.0015065649058669806,"z":-0.000953646725974977,"w":-0.8425769805908203},"size":0.2798798382282257,"orthographic":false}