{"cameraMode":{"drawMode":0,"name":"Shaded","section":"Shading Mode"},"sceneLighting":true,"audioPlay":false,"sceneViewState":{"showFog":true,"showMaterialUpdate":false,"showSkybox":true,"showFlares":true,"showImageEffects":true,"showParticleSystems":true,"showVisualEffectGraphs":true,"m_FxEnabled":true},"in2DMode":false,"pivot":{"x":373.9985656738281,"y":345.82989501953127,"z":18.124969482421876},"rotation":{"x":-0.538650631904602,"y":0.0015065649058669806,"z":-0.000953646725974977,"w":-0.8425769805908203},"size":0.12016292661428452,"orthographic":false}