{"cameraMode":{"drawMode":0,"name":"Shaded","section":"Shading Mode"},"sceneLighting":true,"audioPlay":false,"sceneViewState":{"showFog":true,"showMaterialUpdate":false,"showSkybox":true,"showFlares":true,"showImageEffects":true,"showParticleSystems":true,"showVisualEffectGraphs":true,"m_FxEnabled":true},"in2DMode":false,"pivot":{"x":414.06689453125,"y":154.78619384765626,"z":41.41656494140625},"rotation":{"x":-0.013498851098120213,"y":-0.019497359171509744,"z":-0.0002625873894430697,"w":0.999725341796875},"size":172.33607482910157,"orthographic":false}