{"cameraMode":{"drawMode":0,"name":"Shaded","section":"Shading Mode"},"sceneLighting":true,"audioPlay":false,"sceneViewState":{"showFog":true,"showMaterialUpdate":false,"showSkybox":true,"showFlares":true,"showImageEffects":true,"showParticleSystems":true,"showVisualEffectGraphs":true,"m_FxEnabled":true},"in2DMode":false,"pivot":{"x":126.79806518554688,"y":15.81991195678711,"z":-585.7545166015625},"rotation":{"x":0.10251490026712418,"y":0.12351509928703308,"z":-0.012828227132558823,"w":0.986957848072052},"size":136.58242797851563,"orthographic":false}