{"cameraMode":{"drawMode":0,"name":"Shaded","section":"Shading Mode"},"sceneLighting":true,"audioPlay":false,"sceneViewState":{"showFog":true,"showMaterialUpdate":false,"showSkybox":true,"showFlares":true,"showImageEffects":true,"showParticleSystems":true,"showVisualEffectGraphs":true,"m_FxEnabled":true},"in2DMode":false,"pivot":{"x":5.364418029785156e-7,"y":38.56999969482422,"z":1.0000009536743165},"rotation":{"x":0.16324098408222199,"y":0.10926862806081772,"z":-0.018196003511548044,"w":0.9803559184074402},"size":0.38479214906692507,"orthographic":false}