{"cameraMode":{"drawMode":0,"name":"Shaded","section":"Shading Mode"},"sceneLighting":true,"audioPlay":false,"sceneViewState":{"showFog":true,"showMaterialUpdate":false,"showSkybox":true,"showFlares":true,"showImageEffects":true,"showParticleSystems":true,"showVisualEffectGraphs":true,"m_FxEnabled":true},"in2DMode":false,"pivot":{"x":244.7209014892578,"y":38.52235794067383,"z":265.9381408691406},"rotation":{"x":-0.0036621468607336284,"y":-0.9851508736610413,"z":0.17043596506118775,"w":-0.021266063675284387},"size":6.944085597991943,"orthographic":false}