{"cameraMode":{"drawMode":0,"name":"Shaded","section":"Shading Mode"},"sceneLighting":true,"audioPlay":false,"sceneViewState":{"showFog":true,"showMaterialUpdate":false,"showSkybox":true,"showFlares":true,"showImageEffects":true,"showParticleSystems":true,"showVisualEffectGraphs":true,"m_FxEnabled":true},"in2DMode":false,"pivot":{"x":0.12298914045095444,"y":38.952884674072269,"z":0.21924714744091035},"rotation":{"x":-0.0299955066293478,"y":-0.0014990759082138539,"z":-0.00004501324656303041,"w":0.999549388885498},"size":0.7442189455032349,"orthographic":false}