{"cameraMode":{"drawMode":0,"name":"Shaded","section":"Shading Mode"},"sceneLighting":true,"audioPlay":false,"sceneViewState":{"showFog":true,"showMaterialUpdate":false,"showSkybox":true,"showFlares":true,"showImageEffects":true,"showParticleSystems":true,"showVisualEffectGraphs":true,"m_FxEnabled":true},"in2DMode":false,"pivot":{"x":-25.7984619140625,"y":74.10926055908203,"z":119.93598937988281},"rotation":{"x":-0.0027997386641800405,"y":0.3592822253704071,"z":0.0010778889991343022,"w":0.9332247376441956},"size":57.7712516784668,"orthographic":false}