{"cameraMode":{"drawMode":0,"name":"Shaded","section":"Shading Mode"},"sceneLighting":true,"audioPlay":false,"sceneViewState":{"showFog":true,"showMaterialUpdate":false,"showSkybox":true,"showFlares":true,"showImageEffects":true,"showParticleSystems":true,"showVisualEffectGraphs":true,"m_FxEnabled":true},"in2DMode":false,"pivot":{"x":-0.25296953320503237,"y":38.1860237121582,"z":0.4774738550186157},"rotation":{"x":-0.09404517710208893,"y":-0.01281749177724123,"z":-0.0012086151400581003,"w":0.9954915642738342},"size":0.14421826601028443,"orthographic":false}