{"cameraMode":{"drawMode":0,"name":"Shaded","section":"Shading Mode"},"sceneLighting":true,"audioPlay":false,"sceneViewState":{"showFog":true,"showMaterialUpdate":false,"showSkybox":true,"showFlares":true,"showImageEffects":true,"showParticleSystems":true,"showVisualEffectGraphs":true,"m_FxEnabled":true},"in2DMode":false,"pivot":{"x":13.925607681274414,"y":4.108343601226807,"z":33.485595703125},"rotation":{"x":0.1244683563709259,"y":0.016678841784596444,"z":-0.0020929560996592046,"w":0.9920811057090759},"size":10.449999809265137,"orthographic":false}