{"cameraMode":{"drawMode":0,"name":"Shaded","section":"Shading Mode"},"sceneLighting":true,"audioPlay":false,"sceneViewState":{"showFog":true,"showMaterialUpdate":false,"showSkybox":true,"showFlares":true,"showImageEffects":true,"showParticleSystems":true,"showVisualEffectGraphs":true,"m_FxEnabled":true},"in2DMode":false,"pivot":{"x":33.936668395996097,"y":15.113173484802246,"z":231.06552124023438},"rotation":{"x":0.09710277616977692,"y":-0.0701073631644249,"z":0.006857925560325384,"w":0.9927860498428345},"size":2.4640893936157228,"orthographic":false}