{"cameraMode":{"drawMode":0,"name":"Shaded","section":"Shading Mode"},"sceneLighting":true,"audioPlay":false,"sceneViewState":{"showFog":true,"showMaterialUpdate":false,"showSkybox":true,"showFlares":true,"showImageEffects":true,"showParticleSystems":true,"showVisualEffectGraphs":true,"m_FxEnabled":true},"in2DMode":false,"pivot":{"x":2405.327880859375,"y":129.23287963867188,"z":-732.4888916015625},"rotation":{"x":-0.007499235216528177,"y":0.013499000109732151,"z":0.00010113500320585445,"w":0.9998814463615418},"size":11.633340835571289,"orthographic":false}