{"cameraMode":{"drawMode":0,"name":"Shaded","section":"Shading Mode"},"sceneLighting":true,"audioPlay":false,"sceneViewState":{"showFog":true,"showMaterialUpdate":false,"showSkybox":true,"showFlares":true,"showImageEffects":true,"showParticleSystems":true,"showVisualEffectGraphs":true,"m_FxEnabled":true},"in2DMode":false,"pivot":{"x":101.89431762695313,"y":92.97759246826172,"z":4.3548583984375},"rotation":{"x":-0.0027997386641800405,"y":0.3592822253704071,"z":0.0010778889991343022,"w":0.9332247376441956},"size":140.83612060546876,"orthographic":false}