{"cameraMode":{"drawMode":0,"name":"Shaded","section":"Shading Mode"},"sceneLighting":true,"audioPlay":false,"sceneViewState":{"showFog":true,"showMaterialUpdate":false,"showSkybox":true,"showFlares":true,"showImageEffects":true,"showParticleSystems":true,"showVisualEffectGraphs":true,"m_FxEnabled":true},"in2DMode":false,"pivot":{"x":77.3467788696289,"y":6.788305759429932,"z":227.74427795410157},"rotation":{"x":0.16324098408222199,"y":0.10926862806081772,"z":-0.018196003511548044,"w":0.9803559184074402},"size":113.48056030273438,"orthographic":false}