{"cameraMode":{"drawMode":0,"name":"Shaded","section":"Shading Mode"},"sceneLighting":true,"audioPlay":false,"sceneViewState":{"showFog":true,"showMaterialUpdate":false,"showSkybox":true,"showFlares":true,"showImageEffects":true,"showParticleSystems":true,"showVisualEffectGraphs":true,"m_FxEnabled":true},"in2DMode":false,"pivot":{"x":161.29100036621095,"y":13.857819557189942,"z":206.81561279296876},"rotation":{"x":0.11871754378080368,"y":-0.6830858588218689,"z":0.11396835744380951,"w":0.7116295695304871},"size":87.26585388183594,"orthographic":false}