{"cameraMode":{"drawMode":0,"name":"Shaded","section":"Shading Mode"},"sceneLighting":true,"audioPlay":false,"sceneViewState":{"showFog":true,"showMaterialUpdate":false,"showSkybox":true,"showFlares":true,"showImageEffects":true,"showParticleSystems":true,"showVisualEffectGraphs":true,"m_FxEnabled":true},"in2DMode":false,"pivot":{"x":-19.57141876220703,"y":-62.05177307128906,"z":495.5622863769531},"rotation":{"x":-0.10093746334314347,"y":0.0014893608167767525,"z":-0.00015119346790015697,"w":-0.9948920011520386},"size":280.5917663574219,"orthographic":false}