{"cameraMode":{"drawMode":0,"name":"Shaded","section":"Shading Mode"},"sceneLighting":false,"audioPlay":false,"sceneViewState":{"showFog":true,"showMaterialUpdate":false,"showSkybox":false,"showFlares":true,"showImageEffects":true,"showParticleSystems":true,"showVisualEffectGraphs":true,"m_FxEnabled":true},"in2DMode":false,"pivot":{"x":63.917755126953128,"y":253.3386993408203,"z":371.3872375488281},"rotation":{"x":-0.002999924821779132,"y":0.004499827977269888,"z":0.000013369676707952749,"w":0.9999868273735046},"size":736.1235961914063,"orthographic":false}